title,category,difficulty,keywords
ပညာ၏တန်ဖိုး,ပညာရေး,beginner,ပညာ၏တန်ဖိုး
ဆရာကျေးဇူး,ပညာရေး,beginner,ဆရာကျေးဇူး
စာဖတ်ခြင်း၏အကျိုးကျေးဇူး,ပညာရေး,beginner,စာဖတ်ခြင်း၏အကျိုးကျေးဇူး
စာကြည့်တိုက်၏အရေးပါမှု,ပညာရေး,intermediate,စာကြည့်တိုက်၏အရေးပါမှု
တက္ကသိုလ်ဘဝ,ပညာရေး,intermediate,တက္ကသိုလ်ဘဝ
ကိုယ်တိုင်လေ့လာခြင်း,ပညာရေး,intermediate,ကိုယ်တိုင်လေ့လာခြင်း
အွန်လိုင်းပညာရေး,ပညာရေး,intermediate,အွန်လိုင်းပညာရေး
စာမေးပွဲပြင်ဆင်နည်း,ပညာရေး,advanced,စာမေးပွဲပြင်ဆင်နည်း
ကျောင်းစည်းကမ်း,ပညာရေး,advanced,ကျောင်းစည်းကမ်း
အသက်မွေးဝမ်းကျောင်းပညာ,ပညာရေး,advanced,အသက်မွေးဝမ်းကျောင်းပညာ
အချိန်၏တန်ဖိုး,ကိုယ်ကျင့်တရား,beginner,အချိန်၏တန်ဖိုး
ရိုးသားခြင်း,ကိုယ်ကျင့်တရား,beginner,ရိုးသားခြင်း
ကြိုးစားခြင်း,ကိုယ်ကျင့်တရား,beginner,ကြိုးစားခြင်း
စည်းကမ်း,ကိုယ်ကျင့်တရား,intermediate,စည်းကမ်း
တာဝန်ယူမှု,ကိုယ်ကျင့်တရား,intermediate,တာဝန်ယူမှု
သည်းခံခြင်း,ကိုယ်ကျင့်တရား,intermediate,သည်းခံခြင်း
ဇွဲလုံ့လ,ကိုယ်ကျင့်တရား,intermediate,ဇွဲလုံ့လ
မေတ္တာ,ကိုယ်ကျင့်တရား,advanced,မေတ္တာ
ခွင့်လွှတ်ခြင်း,ကိုယ်ကျင့်တရား,advanced,ခွင့်လွှတ်ခြင်း
ကတိတည်ခြင်း,ကိုယ်ကျင့်တရား,advanced,ကတိတည်ခြင်း
မိဘကျေးဇူး,မိသားစု,beginner,မိဘကျေးဇူး
မောင်နှမချစ်ခင်မှု,မိသားစု,beginner,မောင်နှမချစ်ခင်မှု
အဖိုးအဖွား၏အခန်းကဏ္ဍ,မိသားစု,beginner,အဖိုးအဖွား၏အခန်းကဏ္ဍ
မိသားစုစည်းလုံးမှု,မိသားစု,intermediate,မိသားစုစည်းလုံးမှု
အိမ်တွင်းပညာပေး,မိသားစု,intermediate,အိမ်တွင်းပညာပေး
မိသားစုနှင့်ပျော်ရွှင်မှု,မိသားစု,intermediate,မိသားစုနှင့်ပျော်ရွှင်မှု
ကလေးပြုစုပျိုးထောင်ရေး,မိသားစု,intermediate,ကလေးပြုစုပျိုးထောင်ရေး
မိသားစုတာဝန်,မိသားစု,advanced,မိသားစုတာဝန်
မေတ္တာနှောင်ကြိုး,မိသားစု,advanced,မေတ္တာနှောင်ကြိုး
မိသားစုတန်ဖိုး,မိသားစု,advanced,မိသားစုတန်ဖိုး
စည်းလုံးညီညွတ်ခြင်း,လူမှုရေး,beginner,စည်းလုံးညီညွတ်ခြင်း
အကူအညီပေးခြင်း,လူမှုရေး,beginner,အကူအညီပေးခြင်း
စေတနာ့ဝန်ထမ်းလုပ်ငန်း,လူမှုရေး,beginner,စေတနာ့ဝန်ထမ်းလုပ်ငန်း
လူမှုကွန်ရက်,လူမှုရေး,intermediate,လူမှုကွန်ရက်
ယဉ်ကျေးပျူငှာမှု,လူမှုရေး,intermediate,ယဉ်ကျေးပျူငှာမှု
အများပိုင်ပစ္စည်းထိန်းသိမ်းရေး,လူမှုရေး,intermediate,အများပိုင်ပစ္စည်းထိန်းသိမ်းရေး
လူငယ်နှင့်လူမှုရေး,လူမှုရေး,intermediate,လူငယ်နှင့်လူမှုရေး
နိုင်ငံသားတာဝန်,လူမှုရေး,advanced,နိုင်ငံသားတာဝန်
အသိုင်းအဝိုင်းဖွံ့ဖြိုးရေး,လူမှုရေး,advanced,အသိုင်းအဝိုင်းဖွံ့ဖြိုးရေး
ငြိမ်းချမ်းစွာနေထိုင်ခြင်း,လူမှုရေး,advanced,ငြိမ်းချမ်းစွာနေထိုင်ခြင်း
သဘာဝပတ်ဝန်းကျင်ထိန်းသိမ်းရေး,ပတ်ဝန်းကျင်,beginner,သဘာဝပတ်ဝန်းကျင်ထိန်းသိမ်းရေး
သစ်ပင်စိုက်ပျိုးခြင်း,ပတ်ဝန်းကျင်,beginner,သစ်ပင်စိုက်ပျိုးခြင်း
ရေထိန်းသိမ်းရေး,ပတ်ဝန်းကျင်,beginner,ရေထိန်းသိမ်းရေး
လေထုညစ်ညမ်းမှု,ပတ်ဝန်းကျင်,intermediate,လေထုညစ်ညမ်းမှု
အမှိုက်လျှော့ချရေး,ပတ်ဝန်းကျင်,intermediate,အမှိုက်လျှော့ချရေး
ပြန်လည်အသုံးပြုခြင်း,ပတ်ဝန်းကျင်,intermediate,ပြန်လည်အသုံးပြုခြင်း
တောရိုင်းတိရစ္ဆာန်ကာကွယ်ရေး,ပတ်ဝန်းကျင်,intermediate,တောရိုင်းတိရစ္ဆာန်ကာကွယ်ရေး
ရာသီဥတုပြောင်းလဲမှု,ပတ်ဝန်းကျင်,advanced,ရာသီဥတုပြောင်းလဲမှု
သဘာဝဘေးအန္တရာယ်,ပတ်ဝန်းကျင်,advanced,သဘာဝဘေးအန္တရာယ်
မြစ်နှင့်ချောင်းများထိန်းသိမ်းရေး,ပတ်ဝန်းကျင်,advanced,မြစ်နှင့်ချောင်းများထိန်းသိမ်းရေး
အားကစား၏အကျိုးကျေးဇူး,ကျန်းမာရေး,beginner,အားကစား၏အကျိုးကျေးဇူး
ကျန်းမာသောအစားအစာ,ကျန်းမာရေး,beginner,ကျန်းမာသောအစားအစာ
သန့်ရှင်းရေး,ကျန်းမာရေး,beginner,သန့်ရှင်းရေး
အိပ်စက်ခြင်း၏အရေးပါမှု,ကျန်းမာရေး,intermediate,အိပ်စက်ခြင်း၏အရေးပါမှု
စိတ်ကျန်းမာရေး,ကျန်းမာရေး,intermediate,စိတ်ကျန်းမာရေး
ရေသောက်ခြင်း,ကျန်းမာရေး,intermediate,ရေသောက်ခြင်း
ကာယလေ့ကျင့်ခန်း,ကျန်းမာရေး,intermediate,ကာယလေ့ကျင့်ခန်း
ရောဂါကာကွယ်ရေး,ကျန်းမာရေး,advanced,ရောဂါကာကွယ်ရေး
ဆေးလိပ်၏ဆိုးကျိုး,ကျန်းမာရေး,advanced,ဆေးလိပ်၏ဆိုးကျိုး
အရက်၏ဆိုးကျိုး,ကျန်းမာရေး,advanced,အရက်၏ဆိုးကျိုး
နည်းပညာနှင့်လူငယ်များ,နည်းပညာ,beginner,နည်းပညာနှင့်လူငယ်များ
Artificial Intelligence,နည်းပညာ,beginner,"Artificial,Intelligence"
အင်တာနက်အသုံးပြုမှု,နည်းပညာ,beginner,အင်တာနက်အသုံးပြုမှု
ဆိုရှယ်မီဒီယာ,နည်းပညာ,intermediate,ဆိုရှယ်မီဒီယာ
ဒစ်ဂျစ်တယ်လုံခြုံရေး,နည်းပညာ,intermediate,ဒစ်ဂျစ်တယ်လုံခြုံရေး
မိုဘိုင်းဖုန်း,နည်းပညာ,intermediate,မိုဘိုင်းဖုန်း
အွန်လိုင်းစျေးဝယ်,နည်းပညာ,intermediate,အွန်လိုင်းစျေးဝယ်
Cloud နည်းပညာ,နည်းပညာ,advanced,"Cloud,နည်းပညာ"
စက်ရုပ်နည်းပညာ,နည်းပညာ,advanced,စက်ရုပ်နည်းပညာ
အနာဂတ်နည်းပညာ,နည်းပညာ,advanced,အနာဂတ်နည်းပညာ
မြန်မာ့ယဉ်ကျေးမှု,ယဉ်ကျေးမှု,beginner,မြန်မာ့ယဉ်ကျေးမှု
ရိုးရာပွဲတော်များ,ယဉ်ကျေးမှု,beginner,ရိုးရာပွဲတော်များ
သီတင်းကျွတ်,ယဉ်ကျေးမှု,beginner,သီတင်းကျွတ်
တန်ဆောင်တိုင်,ယဉ်ကျေးမှု,intermediate,တန်ဆောင်တိုင်
Thingyan,ယဉ်ကျေးမှု,intermediate,Thingyan
ရိုးရာအစားအစာ,ယဉ်ကျေးမှု,intermediate,ရိုးရာအစားအစာ
ရိုးရာအဝတ်အစား,ယဉ်ကျေးမှု,intermediate,ရိုးရာအဝတ်အစား
ဘာသာစကားတန်ဖိုး,ယဉ်ကျေးမှု,advanced,ဘာသာစကားတန်ဖိုး
အနုပညာ,ယဉ်ကျေးမှု,advanced,အနုပညာ
ဂီတ,ယဉ်ကျေးမှု,advanced,ဂီတ
ငွေစုခြင်း,စီးပွားရေး,beginner,ငွေစုခြင်း
စွန့်ဦးတီထွင်မှု,စီးပွားရေး,beginner,စွန့်ဦးတီထွင်မှု
အသေးစားစီးပွားရေး,စီးပွားရေး,beginner,အသေးစားစီးပွားရေး
အလုပ်အကိုင်,စီးပွားရေး,intermediate,အလုပ်အကိုင်
ဖောက်သည်ဝန်ဆောင်မှု,စီးပွားရေး,intermediate,ဖောက်သည်ဝန်ဆောင်မှု
ငွေကြေးစီမံခန့်ခွဲမှု,စီးပွားရေး,intermediate,ငွေကြေးစီမံခန့်ခွဲမှု
ဈေးကွက်,စီးပွားရေး,intermediate,ဈေးကွက်
ကုန်သွယ်ရေး,စီးပွားရေး,advanced,ကုန်သွယ်ရေး
လုပ်ငန်းကျင့်ဝတ်,စီးပွားရေး,advanced,လုပ်ငန်းကျင့်ဝတ်
အောင်မြင်သောစီးပွားရေး,စီးပွားရေး,advanced,အောင်မြင်သောစီးပွားရေး
ခရီးသွားခြင်း,ခရီးသွား,beginner,ခရီးသွားခြင်း
ပုဂံ,ခရီးသွား,beginner,ပုဂံ
အင်းလေးကန်,ခရီးသွား,beginner,အင်းလေးကန်
ငပလီကမ်းခြေ,ခရီးသွား,intermediate,ငပလီကမ်းခြေ
တောင်ကြီး,ခရီးသွား,intermediate,တောင်ကြီး
မန္တလေး,ခရီးသွား,intermediate,မန္တလေး
ရန်ကုန်,ခရီးသွား,intermediate,ရန်ကုန်
သဘာဝခရီးသွား,ခရီးသွား,advanced,သဘာဝခရီးသွား
ယဉ်ကျေးမှုခရီးသွား,ခရီးသွား,advanced,ယဉ်ကျေးမှုခရီးသွား
လုံခြုံသောခရီးသွားခြင်း,ခရီးသွား,advanced,လုံခြုံသောခရီးသွားခြင်း
